foodIndex,foodName,imageUrl
1,가는파잡채,http://www.lampcook.com/wi_files/food_fusion/027200.jpg
2,가래떡꼬치,http://www.lampcook.com/wi_files/food_fusion/036900.jpg
3,가지된장찜,http://www.lampcook.com/wi_files/food_fusion/057500.jpg
4,가지두부스테이크,http://www.lampcook.com/wi_files/food_fusion/148056032967500000.jpg
5,가지말이구이,http://www.lampcook.com/wi_files/food_fusion/147521219349301578.jpg
6,가지무침과 호박잎쌈밥,http://www.lampcook.com/wi_files/food_fusion/147799091155300006.jpg
7,가지쇠고기볶음,http://www.lampcook.com/wi_files/food_fusion/079800.jpg
8,가지와마른새우무침,http://www.lampcook.com/wi_files/food_fusion/027500.jpg
9,가지튀김,http://www.lampcook.com/wi_files/food_fusion/107600.jpg
10,간장게장,http://www.lampcook.com/wi_files/food_key_img/100061.jpg
11,간장떡볶이,http://www.lampcook.com/wi_files/food_fusion/073800.jpg
12,갈비구이,http://www.lampcook.com/wi_files/food_local/789/90829_MF_BIMG_01.jpg
13,갈비떡볶이,http://www.lampcook.com/wi_files/food_fusion/053100.jpg
14,갈비찜,http://www.lampcook.com/wi_files/food_month/855/99143_MF_BIMG_01.jpg
15,갈비탕,http://www.lampcook.com/wi_files/food_local/1116.jpg
16,갈치구이,http://www.lampcook.com/wi_files/food_recom_sub/50166_MF_ATTACH_01.jpg
17,갈치무조림,http://www.lampcook.com/wi_files/food_fusion/007600.jpg
18,갈치조림,http://www.lampcook.com/wi_files/food_key_img/100087.jpg
19,감자고추채볶음,http://www.lampcook.com/wi_files/food_fusion/027000.jpg
20,감자국수,http://www.lampcook.com/wi_files/food_fusion/054300.jpg
21,감자수제비,http://www.lampcook.com/wi_files/food_local/1595.jpg
22,감자조림,http://www.lampcook.com/wi_files/food_plan_img/contents/37.jpg
23,감자탕,http://www.lampcook.com/wi_files/food_fusion/013700.jpg
24,갓김치,http://www.lampcook.com/wi_files/food_month/855/98882_MF_BIMG_01.jpg
25,계란말이,http://www.lampcook.com/wi_files/food_fusion/018500.jpg
26,계란말이주먹밥,http://www.lampcook.com/wi_files/food_fusion/047400.jpg
27,계란찜,http://www.lampcook.com/wi_files/food_wellbeing/263.jpg
28,고구마강정,http://www.lampcook.com/wi_files/food_fusion/136300.jpg
29,고구마잎무침,http://www.lampcook.com/wi_files/food_fusion/147686756652700036.jpg
30,고구마줄기볶음,http://www.lampcook.com/wi_files/food_fusion/038200.jpg
31,고등어김치조림,http://www.lampcook.com/wi_files/food_fusion/078800.jpg
32,고등어된장조림,http://www.lampcook.com/wi_files/food_fusion/089500.jpg
33,고등어무조림,http://www.lampcook.com/wi_files/food_fusion/034400.jpg
34,고등어살튀김과소스,http://www.lampcook.com/wi_files/food_fusion/027400.jpg
35,고등어양념구이,http://www.lampcook.com/wi_files/food_fusion/121800.jpg
36,고등어조림,http://www.lampcook.com/wi_files/food_key_img/100324.jpg
37,고등어튀김케첩조림,http://www.lampcook.com/wi_files/food_fusion/117200.jpg
38,고추부각,http://www.lampcook.com/wi_files/food_local/890.jpg
39,고추장닭강정,http://www.lampcook.com/wi_files/food_fusion/155400.jpg
40,고추장스파게티,http://www.lampcook.com/wi_files/food_fusion/050100.jpg
41,골뱅이무침,http://www.lampcook.com/wi_files/food_month/855/209017_MF_BIMG_01.jpg
42,골뱅이볶음,http://www.lampcook.com/wi_files/food_fusion/108200.jpg
43,곰탕,http://www.lampcook.com/wi_files/food_recom_sub/50244_MF_ATTACH_01.jpg
44,곱창전골,http://www.lampcook.com/wi_files/food_local/3058.jpg
45,국수전골,http://www.lampcook.com/wi_files/food_fusion/014600.jpg
46,근대된장국,http://www.lampcook.com/wi_files/food_recom_sub/49851_MF_ATTACH_01.jpg
47,김치꽁치조림,http://www.lampcook.com/wi_files/food_fusion/073500.jpg
48,김치동그랑땡,http://www.lampcook.com/wi_files/food_fusion/044700.jpg
49,김치두부쌈,http://www.lampcook.com/wi_files/food_fusion/069800.jpg
50,김치볶음밥,http://www.lampcook.com/wi_files/food_wellbeing/1339.jpg
51,김치수제비,http://www.lampcook.com/wi_files/food_fusion/054600.jpg
52,김치쌈밥,http://www.lampcook.com/wi_files/food_fusion/074000.jpg
53,김치어묵,http://www.lampcook.com/wi_files/food_fusion/048900.jpg
54,김치적,http://www.lampcook.com/wi_files/food_key_img/100603.jpg
55,김치주먹밥,http://www.lampcook.com/wi_files/food_fusion/060300.jpg
56,김치찌개,http://www.lampcook.com/wi_files/food_key_img/100607.jpg
57,김치채소쌈,http://www.lampcook.com/wi_files/food_fusion/047200.jpg
58,김치피자,http://www.lampcook.com/wi_files/food_fusion/063600.jpg
59,김치홍합국,http://www.lampcook.com/wi_files/food_fusion/107300.jpg
60,꼬리곰탕,http://www.lampcook.com/wi_files/food_fusion/016000.jpg
61,꽁치간장구이,http://www.lampcook.com/wi_files/food_fusion/026900.jpg
62,꽁치구이,http://www.lampcook.com/wi_files/food_local/3129.jpg
63,꽁치김치찌개,http://www.lampcook.com/wi_files/food_fusion/163700.jpg
64,꽁치무조림,http://www.lampcook.com/wi_files/food_fusion/021900.jpg
65,꽃게찌개,http://www.lampcook.com/wi_files/food_local/2725.jpg
66,꽃게해물탕,http://www.lampcook.com/wi_files/food_fusion/099900.jpg
67,꽃상추쌈,http://www.lampcook.com/wi_files/food_fusion/119900.jpg
68,나물 월남쌈,http://www.lampcook.com/wi_files/food_fusion/148066903468800139.jpg
69,나물비빔밥,http://www.lampcook.com/wi_files/food_recom_big/89390_MF_ATTACH_01.jpg
70,낙지볶음,http://www.lampcook.com/wi_files/food_local/911.jpg
71,낙지불고기,http://www.lampcook.com/wi_files/food_fusion/121200.jpg
72,낙지연포탕,http://www.lampcook.com/wi_files/food_local/2616.jpg
73,낙지전골,http://www.lampcook.com/wi_files/food_local/3221.jpg
74,냉고기쌈,http://www.lampcook.com/wi_files/food_fusion/080500.jpg
75,냉면,http://www.lampcook.com/wi_files/food_local/1913.jpg
76,냉이된장찌개,http://www.lampcook.com/wi_files/food_fusion/018400.jpg
77,녹두고물호박떡케이크,http://www.lampcook.com/wi_files/food_fusion/148800.jpg
78,녹두죽,http://www.lampcook.com/wi_files/food_wellbeing/96.jpg
79,녹차수제비,http://www.lampcook.com/wi_files/food_fusion/052800.jpg
80,녹차콩국수,http://www.lampcook.com/wi_files/food_fusion/144500.jpg
81,누드김밥,http://www.lampcook.com/wi_files/food_fusion/148299332505800120.jpg
82,다시마냉국,http://www.lampcook.com/wi_files/food_fusion/003900.jpg
83,다시마채소말이,http://www.lampcook.com/wi_files/food_fusion/120400.jpg
84,단팥죽,http://www.lampcook.com/wi_files/food_local/1363.jpg
85,단호박 고등어조림,http://www.lampcook.com/wi_files/food_fusion/148222411418400027.jpg
86,단호박구이,http://www.lampcook.com/wi_files/food_fusion/113000.jpg
87,단호박튀김,http://www.lampcook.com/wi_files/food_fusion/088500.jpg
88,달래굴파전,http://www.lampcook.com/wi_files/food_fusion/067800.jpg
89,달래된장찌개,http://www.lampcook.com/wi_files/food_healthcook_sub_img/150.jpg
90,닭가슴살 호박말이,http://www.lampcook.com/wi_files/food_fusion/147686495891600030.jpg
91,닭가슴살해파리샐러드,http://www.lampcook.com/wi_files/food_fusion/108600.jpg
92,닭갈비,http://www.lampcook.com/wi_files/food_fusion/076300.jpg
93,닭강정,http://www.lampcook.com/wi_files/food_fusion/018600.jpg
94,닭개장,http://www.lampcook.com/wi_files/food_local/1472.jpg
95,닭고기명란튀김,http://www.lampcook.com/wi_files/food_fusion/044500.jpg
96,닭고기수삼샐러드,http://www.lampcook.com/wi_files/food_fusion/030700.jpg
97,닭고기카레튀김,http://www.lampcook.com/wi_files/food_fusion/057900.jpg
98,닭고기콩나물덮밥,http://www.lampcook.com/wi_files/food_fusion/069600.jpg
99,닭꼬치구이,http://www.lampcook.com/wi_files/food_fusion/052700.jpg
100,닭불고기,http://www.lampcook.com/wi_files/food_local/1475.jpg
101,당근잎 감자전,http://www.lampcook.com/wi_files/food_fusion/148229812483500337.jpg
102,대구탕,http://www.lampcook.com/wi_files/food_fusion/084400.jpg
103,대대로닭칼국수,http://www.lampcook.com/wi_files/food_fusion/145300.jpg
104,더덕구이,http://www.lampcook.com/wi_files/food_local/186.jpg
105,도가니탕,http://www.lampcook.com/wi_files/food_fusion/015900.jpg
106,돌솥비빔밥,http://www.lampcook.com/wi_files/food_fusion/121400.jpg
107,동래파전,http://www.lampcook.com/wi_files/food_local/1.jpg
108,동지팥죽,http://www.lampcook.com/wi_files/food_fusion/037500.jpg
109,동치미막국수,http://www.lampcook.com/wi_files/food_fusion/002400.jpg
110,동태찌개,http://www.lampcook.com/wi_files/food_local/941.jpg
111,돼지갈비구이,http://www.lampcook.com/wi_files/food_local/789/90829_MF_BIMG_01.jpg
112,돼지갈비레몬찜,http://www.lampcook.com/wi_files/food_fusion/140900.jpg
113,돼지갈비찜,http://www.lampcook.com/wi_files/food_local/3181.jpg
114,돼지고기김치찌개,http://www.lampcook.com/wi_files/food_fusion/158100.jpg
115,돼지고기우엉말이조림,http://www.lampcook.com/wi_files/food_fusion/120100.jpg
116,돼지불고기,http://www.lampcook.com/wi_files/food_family/contents/204120_MF_BIMG_01.jpg
117,된장찌개,http://www.lampcook.com/wi_files/food_local/1214.jpg
118,된장채소수제비,http://www.lampcook.com/wi_files/food_fusion/154800.jpg
119,두부국,http://www.lampcook.com/wi_files/food_key_img/101292.jpg
120,두부굴찌개,http://www.lampcook.com/wi_files/food_fusion/058600.jpg
121,두부김치,http://www.lampcook.com/wi_files/food_recom_sub/50216_MF_ATTACH_01.jpg
122,두부다시마말이,http://www.lampcook.com/wi_files/food_fusion/008300.jpg
123,두부두루치기,http://www.lampcook.com/wi_files/food_recom_sub/49846_MF_ATTACH_01.jpg
124,두부드레싱과 채소샐러드,http://www.lampcook.com/wi_files/food_fusion/006500.jpg
125,두부미역냉채,http://www.lampcook.com/wi_files/food_fusion/025700.jpg
126,두부스테이크,http://www.lampcook.com/wi_files/food_plan_img/contents/144.jpg
127,두부알찜,http://www.lampcook.com/wi_files/food_fusion/071800.jpg
128,두부양념조림,http://www.lampcook.com/wi_files/food_fusion/028700.jpg
129,두부조개탕,http://www.lampcook.com/wi_files/food_fusion/004400.jpg
130,두부조림,http://www.lampcook.com/wi_files/food_fusion/158600.jpg
131,두부채소냉채,http://www.lampcook.com/wi_files/food_fusion/066000.jpg
132,두부카나페,http://www.lampcook.com/wi_files/food_fusion/057100.jpg
133,두부파프리카전,http://www.lampcook.com/wi_files/food_fusion/157100.jpg
134,떡갈비구이,http://www.lampcook.com/wi_files/food_fusion/027800.jpg
135,떡갈비샌드위치,http://www.lampcook.com/wi_files/food_fusion/030300.jpg
136,떡국,http://www.lampcook.com/wi_files/food_local/297.jpg
137,떡꼬치,http://www.lampcook.com/wi_files/food_fusion/036900.jpg
138,떡만두국,http://www.lampcook.com/wi_files/food_fusion/163500.jpg
139,떡볶이,http://www.lampcook.com/wi_files/food_fusion/061400.jpg
140,떡잡채,http://www.lampcook.com/wi_files/food_fusion/065800.jpg
141,라볶이,http://www.lampcook.com/wi_files/food_fusion/078500.jpg
142,마늘볶음국수,http://www.lampcook.com/wi_files/food_fusion/130300.jpg
143,마른오징어조림,http://www.lampcook.com/wi_files/food_fusion/019700.jpg
144,만두샐러드,http://www.lampcook.com/wi_files/food_fusion/095200.jpg
145,만둣국,http://www.lampcook.com/wi_files/food_month/855/211037_MF_BIMG_01.jpg
146,맑은대구탕,http://www.lampcook.com/wi_files/food_fusion/115700.jpg
147,메기매운탕,http://www.lampcook.com/wi_files/food_local/1233.jpg
148,명란젓찌개,http://www.lampcook.com/wi_files/food_local/1862.jpg
149,모듬쌈밥,http://www.lampcook.com/wi_files/food_fusion/043000.jpg
150,모듬전,http://www.lampcook.com/wi_files/food_fusion/100200.jpg
151,무맑은국,http://www.lampcook.com/wi_files/food_fusion/004600.jpg
152,무쌈말이,http://www.lampcook.com/wi_files/food_fusion/153400.jpg
153,묵과양념장,http://www.lampcook.com/wi_files/food_fusion/027300.jpg
154,미역국,http://www.lampcook.com/wi_files/food_recom_sub/49642_MF_ATTACH_01.jpg
155,미역냉국,http://www.lampcook.com/wi_files/food_recom_sub/49732_MF_ATTACH_01.jpg
156,미역수제비,http://www.lampcook.com/wi_files/food_local/2389.jpg
157,바지락볶음,http://www.lampcook.com/wi_files/food_fusion/079500.jpg
158,바지락칼국수,http://www.lampcook.com/wi_files/food_local/2642.jpg
159,배추만두,http://www.lampcook.com/wi_files/food_fusion/148230648948900343.jpg
160,배추속댓국,http://www.lampcook.com/wi_files/food_fusion/033100.jpg
161,버섯덮밥,http://www.lampcook.com/wi_files/food_fusion/030500.jpg
162,버섯두부찌개,http://www.lampcook.com/wi_files/food_fusion/059300.jpg
163,버섯만두전골,http://www.lampcook.com/wi_files/food_fusion/056100.jpg
164,버섯매운탕,http://www.lampcook.com/wi_files/food_fusion/105500.jpg
165,버섯잡채,http://www.lampcook.com/wi_files/food_fusion/151300.jpg
166,버섯청국장찌개,http://www.lampcook.com/wi_files/food_fusion/080000.jpg
167,베이컨꼬치구이,http://www.lampcook.com/wi_files/food_fusion/076600.jpg
168,별미밥,http://www.lampcook.com/wi_files/food_fusion/063500.jpg
169,볶음쌀국수,http://www.lampcook.com/wi_files/food_fusion/081500.jpg
170,봄동바지락볶음,http://www.lampcook.com/wi_files/food_fusion/044600.jpg
171,부대찌개,http://www.lampcook.com/wi_files/food_fusion/032200.jpg
172,부추부침개,http://www.lampcook.com/wi_files/food_recom_sub/50356_MF_ATTACH_01.jpg
173,부추잡채,http://www.lampcook.com/wi_files/food_plan_img/contents/114.jpg
174,부추전,http://www.lampcook.com/wi_files/food_recom_sub/49629_MF_ATTACH_01.jpg
175,북어국,http://www.lampcook.com/wi_files/food_fusion/011800.jpg
176,북어해장국밥,http://www.lampcook.com/wi_files/food_fusion/118500.jpg
177,불고기,http://www.lampcook.com/wi_files/food_recom_big/89273_MF_ATTACH_01.jpg
178,불고기꽃만두,http://www.lampcook.com/wi_files/food_fusion/110800.jpg
179,불고기낙지전골,http://www.lampcook.com/wi_files/food_fusion/063100.jpg
180,불고기찹쌀구이,http://www.lampcook.com/wi_files/food_fusion/084700.jpg
181,비빔냉면,http://www.lampcook.com/wi_files/food_local/2994.jpg
182,비빔쌀국수,http://www.lampcook.com/wi_files/food_fusion/078200.jpg
183,빈대떡,http://www.lampcook.com/wi_files/food_month/855/98668_MF_BIMG_01.jpg
184,사골우거지탕,http://www.lampcook.com/wi_files/food_fusion/062200.jpg
185,사골탕,http://www.lampcook.com/wi_files/food_fusion/054000.jpg
186,삼겹살깻잎전,http://www.lampcook.com/wi_files/food_fusion/052200.jpg
187,삼겹살채소말이,http://www.lampcook.com/wi_files/food_fusion/033000.jpg
188,삼겹살치즈구이,http://www.lampcook.com/wi_files/food_fusion/052900.jpg
189,삼계탕,http://www.lampcook.com/wi_files/food_local/1304.jpg
190,삼색나물월남쌈,http://www.lampcook.com/wi_files/food_fusion/148200.jpg
191,삼색수제비,http://www.lampcook.com/wi_files/food_fusion/067000.jpg
192,상추겉절이비빔밥,http://www.lampcook.com/wi_files/food_fusion/071700.jpg
193,새송이산적,http://www.lampcook.com/wi_files/food_fusion/081000.jpg
194,새송이쌈장구이,http://www.lampcook.com/wi_files/food_fusion/159500.jpg
195,새우겨자채,http://www.lampcook.com/wi_files/food_fusion/124100.jpg
196,새우만두,http://www.lampcook.com/wi_files/food_fusion/048300.jpg
197,새우죽,http://www.lampcook.com/wi_files/food_fusion/141500.jpg
198,생굴채소무침,http://www.lampcook.com/wi_files/food_fusion/117700.jpg
199,굴채소무침,http://www.lampcook.com/wi_files/food_fusion/117700.jpg
200,생굴채소무침,http://www.lampcook.com/wi_files/food_fusion/117700.jpg
201,생선전,http://www.lampcook.com/wi_files/food_north_img/487.jpg
202,생태국,http://www.lampcook.com/wi_files/food_fusion/005000.jpg
203,생태매운탕,http://www.lampcook.com/wi_files/food_fusion/058400.jpg
204,샤브샤브,http://www.lampcook.com/wi_files/food_recom_sub/50419_MF_ATTACH_01.png
205,서리태콩국수,http://www.lampcook.com/wi_files/food_fusion/145200.jpg
206,선지국,http://www.lampcook.com/wi_files/food_local/2757.jpg
207,설렁탕,http://www.lampcook.com/wi_files/food_local/3164.jpg
208,소꼬리찜,http://www.lampcook.com/wi_files/food_key_img/102656.jpg
209,송어샐러드,http://www.lampcook.com/wi_files/food_fusion/168300.jpg
210,송편,http://www.lampcook.com/wi_files/food_recom_sub/50324_MF_ATTACH_01.jpg
211,쇠고기덮밥,http://www.lampcook.com/wi_files/food_fusion/116700.jpg
212,쇠고기무국,http://www.lampcook.com/wi_files/food_local/2943.jpgok.com/wi_files/food_month/855/99143_MF_BIMG_01.jpg
213,쇠고기산적,http://www.lampcook.com/wi_files/food_recom_sub/50253_MF_ATTACH_01.jpg
214,쇠고기양송이볶음,http://www.lampcook.com/wi_files/food_fusion/005900.jpg
215,쇠고기완자찜,http://www.lampcook.com/wi_files/food_fusion/040900.jpg
216,쇠고기장조림,http://www.lampcook.com/wi_files/food_local/2989.jpg
217,쇠고기전골,http://www.lampcook.com/wi_files/food_local/2944.jpg
218,수삼치즈샐러드,http://www.lampcook.com/wi_files/food_fusion/129900.jpg
219,순대볶음,http://www.lampcook.com/wi_files/food_fusion/075700.jpg
220,순두부,http://www.lampcook.com/wi_files/food_key_img/102876.jpg
221,순두부찌개,http://www.lampcook.com/wi_files/food_healthcook_sub_img/152.jpg
222,시금치계란말이,http://www.lampcook.com/wi_files/food_fusion/141200.jpg
223,시금치된장국,http://www.lampcook.com/wi_files/food_recom_sub/50048_MF_ATTACH_01.jpg
224,시금치된장죽,http://www.lampcook.com/wi_files/food_fusion/090300.jpg
225,시금치들깨수제비,http://www.lampcook.com/wi_files/food_fusion/147139850208600755.jpg
226,시금치배미음죽,http://www.lampcook.com/wi_files/food_fusion/173600516.jpg
227,시금치표고된장무른밥,http://www.lampcook.com/wi_files/food_fusion/173600531.jpg
228,시래기돼지갈비찜,http://www.lampcook.com/wi_files/food_fusion/142362140251300052.jpg
229,아구탕,http://www.lampcook.com/wi_files/food_fusion/013800.jpg
230,아귀찜,http://www.lampcook.com/wi_files/food_local/371.jpg
231,아욱국,http://www.lampcook.com/wi_files/food_local/771.jpg
232,알탕,http://www.lampcook.com/wi_files/food_local/771.jpg
233,애호박 구이,http://www.lampcook.com/wi_files/food_fusion/014100.jpg
234,약과,http://www.lampcook.com/wi_files/food_local/82.jpg
235,약식,http://www.lampcook.com/wi_files/food_local/471.jpg
236,양배추말이찜,http://www.lampcook.com/wi_files/food_fusion/009000.jpg
237,양배춧국,http://www.lampcook.com/wi_files/food_fusion/046100.jpg
238,양상추튀김,http://www.lampcook.com/wi_files/food_fusion/051400.jpg
239,양송이버섯죽,http://www.lampcook.com/wi_files/food_fusion/083300.jpg
240,양파쌈파이,http://www.lampcook.com/wi_files/food_fusion/115000.jpg
241,양파전,http://www.lampcook.com/wi_files/food_key_img/103194.jpg
242,어묵국,http://www.lampcook.com/wi_files/food_fusion/047800.jpg
243,어묵꼬치,http://www.lampcook.com/wi_files/food_fusion/065100.jpg
244,어묵닭고기조림,http://www.lampcook.com/wi_files/food_fusion/038800.jpg
245,열무김치냉면,http://www.lampcook.com/wi_files/food_fusion/002800.jpg
246,열무비빔밥,http://www.lampcook.com/wi_files/food_recom_sub/49735_MF_ATTACH_01.jpg
247,영양돌솥밥,http://www.lampcook.com/wi_files/food_local/1746.jpg
248,영양채소밥,http://www.lampcook.com/wi_files/food_fusion/065400.jpg
249,오곡밥,http://www.lampcook.com/wi_files/food_month/855/99685_MF_BIMG_01.jpg
250,오곡밥쌈밥정식,http://www.lampcook.com/wi_files/food_fusion/054700.jpg
251,오곡주먹밥,http://www.lampcook.com/wi_files/food_fusion/093600.jpg
252,오색주먹밥도시락,http://www.lampcook.com/wi_files/food_fusion/012100.jpg
253,오이보트카나페,http://www.lampcook.com/wi_files/food_fusion/148066186717500109.jpg
254,오징어덮밥,http://www.lampcook.com/wi_files/food_fusion/083700.jpg
255,오징어볶음과소면,http://www.lampcook.com/wi_files/food_fusion/110100.jpg
256,오징어불고기,http://www.lampcook.com/wi_files/food_local/1589.jpg
257,오징어산적,http://www.lampcook.com/wi_files/food_fusion/053200.jpg
258,오징어삼겹살볶음,http://www.lampcook.com/wi_files/food_fusion/102500.jpg
259,오징어섞어찌개,http://www.lampcook.com/wi_files/food_fusion/108800.jpg
260,오징어숙회,http://www.lampcook.com/wi_files/food_local/3042.jpg
261,오징어순대,http://www.lampcook.com/wi_files/food_local/1521.jpg
262,오징어찌개,http://www.lampcook.com/wi_files/food_local/3033.jpg
263,오징어통구이,http://www.lampcook.com/wi_files/food_fusion/068600.jpg
264,오징어풋마늘산적,http://www.lampcook.com/wi_files/food_fusion/071600.jpg
265,옥수수볶음밥,http://www.lampcook.com/wi_files/food_fusion/072900.jpg
266,우거지된장찌개,http://www.lampcook.com/wi_files/food_fusion/014300.jpg
267,우무콩냉국,http://www.lampcook.com/wi_files/food_fusion/144600.jpg
268,우묵냉채,http://www.lampcook.com/wi_files/food_fusion/104600.jpg
269,우유두부,http://www.lampcook.com/wi_files/food_fusion/052400.jpg
270,유부계란찜,http://www.lampcook.com/wi_files/food_fusion/030000.jpg
271,유부미역된장국,http://www.lampcook.com/wi_files/food_fusion/066800.jpg
272,육개장,http://www.lampcook.com/wi_files/food_month/855/201004_MF_BIMG_01.jpg
273,육회,http://www.lampcook.com/wi_files/food_local/819.jpg
274,인절미,http://www.lampcook.com/wi_files/food_month/855/201007_MF_BIMG_01.jpg
275,잉어찜,http://www.lampcook.com/wi_files/food_fusion/168000.jpg
276,잔치국수,http://www.lampcook.com/wi_files/food_fusion/074300.jpg
277,잡채,http://www.lampcook.com/wi_files/food_recom_sub/50282_MF_ATTACH_01.jpg
278,잣죽,http://www.lampcook.com/wi_files/food_local/2950.jpg
279,재첩국,http://www.lampcook.com/wi_files/food_fusion/005400.jpg
280,쟁반라면,http://www.lampcook.com/wi_files/food_fusion/110400.jpg
281,전복죽,http://www.lampcook.com/wi_files/food_local/554.jpg
282,전어회무침,http://www.lampcook.com/wi_files/food_local/2487.jpg
283,절편,http://www.lampcook.com/wi_files/food_local/2979.jpg
284,제육겨자쌈,http://www.lampcook.com/wi_files/food_fusion/090400.jpg
285,제육보쌈,http://www.lampcook.com/wi_files/food_fusion/010700.jpg
286,제육불고기,http://www.lampcook.com/wi_files/food_fusion/061500.jpg
287,조개맑은국,http://www.lampcook.com/wi_files/food_fusion/047900.jpg
288,조기매운탕,http://www.lampcook.com/wi_files/food_local/2993.jpg
289,조기찜,http://www.lampcook.com/wi_files/food_fusion/106400.jpg
290,주먹밥,http://www.lampcook.com/wi_files/food_month/855/209380_MF_BIMG_01.jpg
291,죽순회와미나리강회,http://www.lampcook.com/wi_files/food_fusion/142400.jpg
292,쪽파 새우강회,http://www.lampcook.com/wi_files/food_fusion/148299002655300119.jpg
293,쫄면,http://www.lampcook.com/wi_files/food_fusion/162500.jpg
294,찬밥맛탕,http://www.lampcook.com/wi_files/food_fusion/045800.jpg
295,찬밥전,http://www.lampcook.com/wi_files/food_fusion/062400.jpg
296,찰밥주먹밥,http://www.lampcook.com/wi_files/food_fusion/047300.jpg
297,참치김치찌개,http://www.lampcook.com/wi_files/food_fusion/109900.jpg
298,참치주먹밥,http://www.lampcook.com/wi_files/food_fusion/066600.jpg
299,참치죽,http://www.lampcook.com/wi_files/food_fusion/156100.jpg
300,채소국수,http://www.lampcook.com/wi_files/food_fusion/002900.jpg
301,채소비빔소면,http://www.lampcook.com/wi_files/food_fusion/063700.jpg
302,채소영양밥,http://www.lampcook.com/wi_files/food_fusion/102600.jpg
303,채소치즈죽,http://www.lampcook.com/wi_files/food_fusion/128100.jpg
304,청국장찌개,http://www.lampcook.com/wi_files/food_local/2056.jpg
305,초교탕,http://www.lampcook.com/wi_files/food_recom_big/89369_MF_ATTACH_01.jpg
306,충무김밥,http://www.lampcook.com/wi_files/food_fusion/085500.jpg
307,치즈멸치볼,http://www.lampcook.com/wi_files/food_fusion/127200.jpg
308,카레토마토달걀볶음밥,http://www.lampcook.com/wi_files/food_fusion/148291443772500013.jpg
309,코다리조림,http://www.lampcook.com/wi_files/food_wellbeing/343.jpg
310,코다리찜,http://www.lampcook.com/wi_files/food_fusion/055800.jpg
311,콩국계란찜,http://www.lampcook.com/wi_files/food_fusion/020200.jpg
312,콩나물국밥,http://www.lampcook.com/wi_files/food_local/1259.jpg
313,콩나물무밥,http://www.lampcook.com/wi_files/food_fusion/042600.jpg
314,콩나물밥,http://www.lampcook.com/wi_files/food_plan_img/contents/75.jpg
315,콩나물버섯덮밥,http://www.lampcook.com/wi_files/food_fusion/064400.jpg
316,콩나물비빔밥,http://www.lampcook.com/wi_files/food_recom_sub/50016_MF_ATTACH_01.jpg
317,콩나물잡채,http://www.lampcook.com/wi_files/food_fusion/008800.jpg
318,콩비지동그랑땡,http://www.lampcook.com/wi_files/food_fusion/148299577268400131.jpg
319,콩비지찌개,http://www.lampcook.com/wi_files/food_wellbeing/contents/369.jpg
320,토란곰탕,http://www.lampcook.com/wi_files/food_fusion/033900.jpg
321,토란닭고기찜,http://www.lampcook.com/wi_files/food_fusion/148400.jpg
322,파프리카볶음밥,http://www.lampcook.com/wi_files/food_fusion/140700.jpg
323,팥국수,http://www.lampcook.com/wi_files/food_local/1632.jpg
324,팥시루떡,http://www.lampcook.com/wi_files/food_local/2130.jpg
325,팥칼국수,http://www.lampcook.com/wi_files/food_local/2346.jpg
326,팥타르트,http://www.lampcook.com/wi_files/food_fusion/037700.jpg
327,한국식타코샐러드,http://www.lampcook.com/wi_files/food_fusion/073900.jpg
328,한우토마토스튜,http://www.lampcook.com/wi_files/food_fusion/contents/142361932753300040.jpg
329,해물국수,http://www.lampcook.com/wi_files/food_fusion/003000.jpg
330,해물떡꼬치,http://www.lampcook.com/wi_files/food_fusion/072500.jpg
331,해물매운탕,http://www.lampcook.com/wi_files/food_fusion/160200.jpg
332,해물밥전,http://www.lampcook.com/wi_files/food_fusion/056700.jpg
333,해물볶음밥,http://www.lampcook.com/wi_files/food_month/855/208098_MF_BIMG_01.jpg
334,해물순두부찌개,http://www.lampcook.com/wi_files/food_fusion/160800.jpg
335,해물잡채,http://www.lampcook.com/wi_files/food_fusion/041200.jpg
336,해물전골,http://www.lampcook.com/wi_files/food_fusion/050900.jpg
337,해물찌개,http://www.lampcook.com/wi_files/food_fusion/158000.jpg
338,해물파전,http://www.lampcook.com/wi_files/food_fusion/017900.jpg
339,해장라면,http://www.lampcook.com/wi_files/food_fusion/026200.jpg
340,해파리냉채,http://www.lampcook.com/wi_files/food_wellbeing/contents/207878_MF_REPR_ATTACH_01.JPG
341,호박두부찌개,http://www.lampcook.com/wi_files/food_fusion/069900.jpg
342,호박양파국,http://www.lampcook.com/wi_files/food_fusion/087400.jpg
343,호박전,http://www.lampcook.com/wi_files/food_month/855/98890_MF_BIMG_01.jpg
344,호박죽,http://www.lampcook.com/wi_files/food_local/1457.jpg
345,홍차계란장조림,http://www.lampcook.com/wi_files/food_fusion/057300.jpg
346,홍합꼬치구이,http://www.lampcook.com/wi_files/food_fusion/011000.jpg
347,홍합미역국,http://www.lampcook.com/wi_files/food_local/167.jpg
348,홍합탕,http://www.lampcook.com/wi_files/food_fusion/060400.jpg
349,화양적,http://www.lampcook.com/wi_files/food_month/855/99679_MF_BIMG_01.jpg
350,화전,http://www.lampcook.com/wi_files/food_key_img/104853.jpg
351,흑임자삼계죽,http://www.lampcook.com/wi_files/food_fusion/contents/142362084735800051.jpg
352,흑임자죽,http://www.lampcook.com/wi_files/food_key_img/104924.jpg
