"name","type","ingredients"
"가는파잡채","한식","가는파,간장,굵은파,돼지고기,마늘,생강,생강,소금,식용유,양파,참기름,청주,후춧가루"
"가래떡꼬치","한식","가래떡,간장,고추장,꼬치,다진마늘,브로콜리,설탕,적파프리카,참기름,토마토케첩,황파프리카"
"가지김치","한식","가지,고춧가루,다진마늘,다진생강,다진파,부추,설탕,소금,액젓"
"가지된장찜","한식","가지,고춧가루,다진마늘,다진파,돼지고기,된장,멸치,물,밀가루,소금,양파,참기름,청고추,홍고추,후춧가루"
"가지두부스테이크","퓨전","가지,굴소스,굴소스,다진고추,다진식파,두부,매실액,아몬드,에멘탈 치즈가루"
"가지말이구이","퓨전","가지,당근,무순,버섯,버터,사과,소고기,소금"
"가지무침과 호박잎쌈밥","한식","가지,간장,다진마늘,밥,소금,쌈장,양파,쪽파,통깨,풋고추,호박잎"
"가지쇠고기볶음","한식","가지,간장,깨소금,다진마늘,대파,설탕,소금,쇠고기,참기름,청고추,청주,홍고추"
"가지와마른새우무침","한식","가지,깨소금,다진마늘,다진파,마른새우,소금,식용유,진간장,참기름"
"가지튀김","한식","가지,간장,계란,깨소금,돼지고기,마요네즈,맛술,머스터드,밀가루,빵가루,설탕,설탕,소금,참기름,후춧가루"
"간장","한식","마른고추,메주콩,물,소금,숯"
"간장게장","한식","간장,고춧가루,깨소금,꽃게,다진파,마늘,물,생강,설탕,참기름,채썬마늘,채썬생강,청고추"
"간장떡볶이","한식","[쇠고기양념] 간장,가래떡,간장,다진마늘,당근,설탕,설탕,양파,참기름,참기름,채썬쇠고기,청피망,표고버섯,후춧가루"
"갈비구이","한식","간장,갈비,깻잎,대파,마늘,물엿,배즙,상추,생강즙,설탕,양파,양파즙,월계수잎,육수,참기름,청주,통깨,후춧가루"
"갈비떡볶이","한식","가래떡,간장,깨소금,꽃상추,다진마늘,다진파,설탕,쇠고기,참기름,피망,후춧가루"
"갈비찜","한식","간장,계란,깨소금,다진마늘,다진파,당근,대파,무,밤,배,설탕,쇠고기,은행,잣,참기름,청주,표고버섯,홍고추,후춧가루"
"갈비탕","한식","국간장,다진마늘,다진파,무,물,쇠고기,참기름,후추"
"갈치구이","한식","갈치,레몬,밀가루,소금,후춧가루"
"갈치무조림","한식","간장,갈치,감자,고추장,고춧가루,깨소금,대파,마늘,무,물,생강,설탕,참기름,홍고추"
"갈치조림","한식","간장,갈치,고운고춧가루,굵은고춧가루,다진마늘,다진생강,당근,대파,된장,무,물엿,설탕,소금,애호박,양파,정종,청고추,홍고추,후춧가루"
"감동젓무김치","한식","감동젓,고춧가루,낙지,다진마늘,다진생각,무,미나리,밤,배,북어,생굴,설탕,소급,실파,절인 배추"
"감자고추채볶음","한식","간장,감자,설탕,소금,식용유,참기름,청고추,홍고추,흰후춧가루"
"감자국수","한식","감자,계란노른자,넛맥,밀가루,버터,베이컨,사우어크라우트,소금,양파,파슬리,후춧가루"
"감자수제비","한식","감자,국간장,멸치,물,밀가루,소금,실파,애호박,양념장,참기름,홍고추"
"감자조림","한식","감자,깨소금,꽈리고추,멸치,물엿,식용유,진간장,청주"
"감자탕","한식","간장,감자,고춧가루,대파,돼지고기,마늘,물,생강,소금,술,청정원맛선생,후춧가루"
"갓김치","한식","갓,고춧가루,깨소금,마늘,멸치젓,무,물,밀가루,생강,소금,실파"
"계란말이","한식","계란,다시마,다진마늘,다진파,물,소금,식용유,후춧가루"
"계란말이주먹밥","한식","계란,다시마,당근,말린 표고버섯,미나리,밥,설탕,소금,소금,식용유,식초,오이"
"계란찜","한식","계란,다진파,당근,물,설탕,소금,시금치,옥수수통조림,청정원맛선생,후춧가루"
"고구마강정","한식","건포도,고구마,시럽,튀김기름,호박씨"
"고구마잎무침","한식","고구마잎,깨소금,다진마늘,다진파,소금,참기름"
"고구마줄기볶음","한식","고구마줄기,국간장,깨소금,다진마늘,다진파,들기름,설탕,소금,참기름"
"고들빼기김치","한식","갓,고들빼기,고추,고춧가루,깨소금,다진마늘,다진생강,대추,멸치액젓,밤,설탕,실파"
"고등어김치조림","한식","고등어,고춧가루,다진마늘,다진생강,물,배추김치,설탕,진간장,파"
"고등어된장조림","한식","간장,고등어,다시마국물,대파,된장,무,미림,설탕,술"
"고등어무조림","한식","간장,고등어,고추장,고춧가루,다진마늘,다진파,대파,무,물,생강즙,설탕,실고추,청주,후춧가루"
"고등어살튀김과소스","한식","간장,고등어,녹말,마른고추,물,미림,생강,설탕,소금,식용유,청주"
"고등어양념구이","한식","간장,고등어,고운고춧가루,굵은고춧가루,깨소금,대파,마늘,물엿,생강,실파,양파,정종,참기름,청고추,홍고추"
"고등어조림","한식","간장,고등어,고운고춧가루,굵은고춧가루,당근,대파,된장,마늘,무,물엿,생강,설탕,소금,애호박,양파,정종,팽이버섯,풋고추,홍고추,후춧가루"
"고등어튀김케첩조림","한식","간장,고등어,녹말,마늘,생강,설탕,실파,양파,육수,토마토케찹,피망"
"고추부각","한식","고추,설탕,소금,식용유,찹쌀가루"
"고추장","한식","고춧가루,메주콩,멥쌀,소금,엿기름,찹쌀가루"
"고추장닭강정","퓨전","계란,고추기름,고추장,꿀,녹말가루,다진마늘,닭,맛술,맛술,물,물엿,소금,식초,우유,카레가루,토마토케첩,튀김가루,호두,후춧가루"
"고추장스파게티","퓨전","고추장,김치,다진마늘,물,설탕,소금,스파게티,식용유,식용유,양송이버섯,양파,토마토케첩,호두,호박,흰후춧가루"
"고추장아찌","한식","간장,고추,물,설탕,식초,간장,물,생강,설탕,소금,청고추"
"골뱅이무침","한식","고추장,고춧가루,골뱅이통조림,깨소금,다진마늘,당근,대파,샐러리,설탕,소면,식초,양파,오이,진간장,참기름"
"골뱅이볶음","한식","골뱅이,깨소금,녹말,대파,마늘,설탕,양파,진간장,참기름,청피망,표고버섯,홍피망"
"곰탕","한식","국간장,국수,다진마늘,다진파,대파,마늘,무,소금,쇠고기,양,진간장,참기름,후추"
"곱창전골","한식","간장,고추장,고춧가루,곱창,다진파,당근,대파,마늘,물,미나리,밀가루,생강,소금,쑥갓,양,양배추,양파,우동면,표고버섯,후추"
"국수전골","한식","고춧가루,국수,느타리버섯,다진마늘,대파,물,배추,소금,쇠고기,식용유,애호박,양파,진간장,후춧가루"
"굴깍두기","한식","갓,고춧가루,굴,마늘,무,미나리,새우젓,설탕,소금,소금,실파"
"근대된장국","한식","고추장,고춧가루,근대,다진마늘,대파,된장,멸치,쇠고기"
"김치꽁치조림","한식","간장,고춧가루,김치,꽁치통조림,다진대파,다진마늘,물,설탕,참기름"
"김치동그랑땡","한식","감자,계란,김치,다진마늘,당근,두부,밀가루,소금,참빛고운포도씨유,피망,후춧가루"
"김치두부쌈","한식","깻잎,대파,돼지고기,두부,생강,소금,신김치,청고추"
"김치볶음밥","한식","감자,계란,김치,밥,소금,식용유,양파,햄,후춧가루"
"김치수제비","한식","간장,감자,계란,고춧가루,김치,깨소금,다시마,다진마늘,다진파,대파,멸치,물,밀가루,소금,식용유,양파,참기름,청고추"
"김치쌈밥","한식","김칫잎,다진파,밥,설탕,소금,조미료,참기름"
"김치어묵","퓨전","계란,김치,깻잎,녹말,밀가루,새우살,생선살,소금,식용유,풋고추,홍고추,후춧가루"
"김치적","한식","계란,김치,밀가루,소금,쇠고기,식용유,참기름,통도라지,표고버섯"
"김치주먹밥","한식","간장,김치,다진마늘,다진쇠고기,다진파,단무지,당근,미나리,밥,새우,설탕,오이,참기름,청주,후춧가루"
"김치찌개","한식","가래떡,고춧가루,다진마늘,대파,돼기고기,배추김치,생강즙,육수,참기름"
"김치채소쌈","한식","간장,근대잎,김치잎,깨소금,깻잎,다진파,마늘,밥,설탕,소금,쇠고기,식용유,양배추,참기름,후춧가루"
"김치피자","퓨전","당근,모짜렐라치즈,바게트,베이컨,소금,식용유,신김치,양송이,파슬리가루,피망,후춧가루"
"김치홍합국","한식","고춧가루,김치,대파,마늘,멸치,물,소금,홍고추,홍합"
"깻잎말이김치","한식","깻잎,다진마늘,다진생강,대추,대파,멸치,멸치액젓,물,밤,설탕,양파,청고추,홍고추"
"깻잎장아찌","한식","간장,고춧가루,까나리액젓,깻잎,다진마늘,설탕,쪽파,통깨,홍고추,고춧가루,깨소금,깻잎,마늘,생강,실고추,진간장,파"
"깻잎조림","한식","간장,깻잎,들기름,물,조청,청고추,홍고추"
"꼬리곰탕","한식","국간장,다진파,당면,대파,무,소금,쇠고기,참기름,청주,통마늘,후추"
"꽁치간장구이","한식","간장,꽁치,물,생강,설탕,소금,실파,청주"
"꽁치구이","한식","간장,꽁치,레몬,소금,와사비"
"꽁치김치찌개","한식","간장,김치,김칫국물,꽁치,대파,마늘,무"
"꽁치무조림","한식","고춧가루,꽁치,다진마늘,다진파,무,물,생강즙,식용유,진간장"
"꽃게찌개","한식","고추장,고춧가루,국간장,꽃게,느타리버섯,다진마늘,다진생강,대파,무,소금,애호박,청고추,홍고추,후춧가루"
"꽃게해물탕","한식","고추장,고춧가루,국간장,꽃게,대파,마늘,맛살조개,무,바지락,생강,소금,애호박,오징어,청고추,팽이버섯,홍고추,후춧가루"
"꽃상추쌈","한식","간장,고추장,깨소금,다진마늘,다진쇠고기,다진양파,다진파,밥,상추,설탕,참기름"
"나물 월남쌈","퓨전","고사리,고추,도라지,라이스페이퍼,매실액,무채,시금치,연어살,참기름,콩나물,통깨"
"나물비빔밥","한식","계란,고사리,고추장,국간장,다진마늘,다진파,도라지,미나리,설탕,소금,숙주,쌀,안심,양지머리,참기름,청포묵,콩나물"
"나박김치","한식","고춧가루,대파,마늘,무,물,미나리,배추,생강,소금,홍고추"
"낙지볶음","한식","간장,고추장,고춧가루,깨소금,낙지,대파,생강즙,설탕,소금,양파,참기름,청고추,호박,홍고추"
"낙지불고기","한식","간장,고추장,고춧가루,깨소금,낙지,다진마늘,다진파,당근,생강즙,설탕,쇠고기,쑥갓,애호박,양파,육수,콩나물,팽이버섯,홍고추,후춧가루"
"낙지연포탕","한식","낙지,다진마늘,대파,모시조개,배추,소금,소금,참기름,청고추,홍고추"
"낙지전골","한식","간장,계란,깨소금,낙지,다진마늘,다진파,두부,물,밀가루,새우,설탕,소금,쇠고기,식용유,실파,쑥갓,참기름,표고버섯,홍고추"
"냉고기쌈","퓨전","간장,간장,고추냉이,당근,맛술,무순,물,설탕,쇠고기,식초,양배추"
"냉면","한식","계란,냉면,동치미국물,동치미무,배,설탕,소금,쇠고기,쇠고기육수,식초,오이"
"냉이된장찌개","한식","냉이,다시마,대파,된장,마늘,모시조개,물,소금"
"녹두고물호박떡케이크","한식","녹두,단호박,멥쌀가루,물,설탕,소금"
"녹두죽","한식","녹두,물,설탕,소금,쌀"
"녹차수제비","한식","간장,감자,고춧가루,깨소금,녹차분말,다진마늘,다진파,다진풋고추,다진홍고추,물,밀가루,소금,소금,육수,참기름,호박,후춧가루"
"녹차콩국수","한식","녹차국수,메주콩,물,방울토마토,소금,오이,육수"
"누드김밥","퓨전","가지,김밥용김,당근,두부,마요네즈,밥,설탕,소금,식초,어린잎채소,오이,참기름,통깨,통깨"
"다시마냉국","한식","고춧가루,깨소금,다시마,다진마늘,다진파,물,소금,오이,홍고추"
"다시마볶음","한식","다시마,당근,마늘,맛살,생강즙,소금,식용유,실파,참기름,청고추,청주,후춧가루"
"다시마채소말이","한식","게맛살,쌈다시마,오이,오징어,초고추장,파프리카,홍피망"
"단팥죽","한식","대추,물,설탕,소금,인절미,팥"
"단호박 고등어조림","한식","간장,고등어,고추장,고춧가루,다진마늘,단호박,된장,들기름,무,설탕,쌀뜨물,양파,청양고추,홍고추"
"단호박구이","한식","단호박,버터,소금,황설탕,후춧가루"
"단호박튀김","한식","계란,단호박,밀가루,식용유,튀김가루"
"달래굴파전","한식","간장,계란,굴,깨소금,다진마늘,달래,물,밀가루,식초,실파,청고추,홍고추"
"달래된장찌개","한식","다진마늘,달래,대파,된장,두부,말린표고버섯,물,바지락,육수용멸치,청양고추,홍고추"
"달래장김치","한식","고춧가루,달래,마늘,생강,설탕,진간장,통깨"
"닭가슴살 호박말이","퓨전","노각,닭가슴살,마요네즈,소금,허니머스타드,호박,후추"
"닭가슴살해파리샐러드","한식","간장,꿀,닭,레몬,설탕,소금,식초,오이,참기름,청고추,해파리,홍고추"
"닭갈비","한식","간장,고구마,고추장,고춧가루,깨소금,깻잎,닭,생강즙,설탕,양배추,양파,참기름,흰떡"
"닭강정","한식","고추장,깨소금,녹말,닭,마늘,물엿,술,진간장,후춧가루"
"닭개장","한식","간장,고사리,고춧가루,다진마늘,닭봉,닭육수,대파,도라지,마늘,생강,생강즙,소금,참기름,후춧가루"
"닭고기명란튀김","퓨전","계란,김,녹말가루,닭고기,당근,대파,마요네즈,명란젓,밀가루,빵가루,소금,식용유,후춧가루"
"닭고기수삼샐러드","한식","닭고기,대추,레몬즙,마요네즈,머스터드,밤,배,설탕,설탕,소금,수삼,양상추,오이,요리술,후춧가루"
"닭고기카레튀김","퓨전","간장,계란,고춧가루,다진마늘,다진양파,닭,소금,식초,올리브오일,카레가루,콘플레이크,토마토케첩,후춧가루"
"닭고기콩나물덮밥","한식","고춧가루,김치,다진마늘,닭,마늘,밥,소금,실파,오이,육수,콩나물,파,후춧가루"
"닭꼬치구이","한식","간장,계란,꼬치,다시물,닭,대파,생강즙,설탕,참기름,청주,홍고추"
"닭불고기","한식","간장,고추장,고춧가루,깨소금,닭,대파,마늘,생강즙,후춧가루"
"당근잎 감자전","한식","감자,당근잎,당근채,부침가루,소금,양파"
"대구탕","한식","고추장,고춧가루,대구,무,미나리,미림,소금,청고추,콩나물,팽이버섯,홍고추,후춧가루"
"대대로닭칼국수","한식","날콩가루,닭,닭발,밀가루,생강,소금,오이,통파"
"더덕구이","한식","간장,고추장,고춧가루,깨소금,다진마늘,다진파,더덕,물,설탕,참기름"
"도가니탕","한식","고추가루,다진마늘,다진파,도가니,물,생강,생강,소금,쇠고기,진간장,파,후추"
"돌솥비빔밥","한식","계란후라이,고사리,고추장,깨소금,다진마늘,다진파,도라지,상추,설탕,숙주,시금치,애호박,육회,참기름,취나물,후춧가루"
"동래파전","한식","계란,고춧가루,굴,깨소금,다진마늘,다진파,밀가루,설탕,소금,쇠고기,식용유,식초,실파,쌀가루,잔새우,조갯살,참기름,홍합,후춧가루"
"동지팥죽","한식","물,소금,쌀,쌀가루,찬물,찹쌀,팥"
"동치미","한식","갓,고추,대파,마늘,무,물,배주머니,소금,실파"
"동치미막국수","한식","간장,계란,국수,깨소금,동치미국물,동치미무,설탕,소금,쇠고기,참기름,통후추,홍고추"
"동태찌개","한식","고추장,고춧가루,다진마늘,다진생강,대파,동태,두부,무,물,소금,애호박,청고추,홍고추"
"돛나물 부추 오이무침","한식","고추가루,다진마늘,돛나물,매실액,부추,액젓,양파,오이"
"돼지갈비구이","한식","고춧가루,깨소금,깻잎,다진마늘,다진파,돼지갈비,상추,생강즙,설탕,술,진간장"
"돼지갈비레몬찜","퓨전","다진마늘,돼지갈비,레몬,마른고추,물,소금,올리브오일,저민마늘,화이트와인,후춧가루"
"돼지갈비찜","한식","간장,갈비,감자,고추장,고춧가루,깨소금,다진마늘,다진파,당근,맛술,무,생강즙,설탕,식용유,양파,참기름,홍고추,후춧가루"
"돼지고기김치찌개","한식","대파,돼지고기안심,맛술,식용유,신김치,청고추,청정원국선생,표고버섯,후춧가루"
"돼지고기우엉말이조림","한식","간장,고춧가루,다시물,돼지고기,생강즙,설탕,우엉,정종"
"돼지불고기","한식","간장,고추장,고춧가루,깨소금,다진마늘,다진파,돼지고기,물엿,미림,설탕,참기름,후춧가루"
"된장","한식","메주,소금"
"된장깻잎장아찌","한식","깻잎,된장,소금"
"된장찌개","한식","고춧가루,다시마,다진마늘,대파,두부,멸치,순창콩된장,애호박,참기름,청고추,표고버섯,홍고추"
"된장채소수제비","한식","감자,국간장,국물용멸치,다진마늘,대파,된장,물,물,밀가루,소금,양파,참기름,청고추,표고버섯,홍고추,후춧가루"
"두릅된장무침","한식","깨소금,다진마늘,다진파,된장,두릅,설탕,소금,실고추,참기름"
"두부국","한식","고추장,다진마늘,두부,소금,쇠고기,진간장,참기름,파,후춧가루"
"두부굴찌개","한식","굴,두부,마늘,새우젓,소금,실파,양송이버섯,청고추,홍고추"
"두부김치","한식","깨소금,깻잎,다진마늘,다진파,두부,배추김치,소금,참기름"
"두부다시마말이","한식","고추,깨소금,다시마,당근,두부,들깨가루,소금,양념간장,참기름,초고추장,표고버섯,후춧가루"
"두부두루치기","한식","간장,고춧가루,깨소금,다진마늘,다진파,대파,두부,양배추,양파,참기름,풋고추,홍고추"
"두부드레싱과 채소샐러드","퓨전","깨소금,꿀,당근,두부,레몬즙,상추잎,소금,연겨자,적양배추잎,파프리카"
"두부미역냉채","한식","간장,두부,미역,설탕,양파,참기름,통깨,홍고추"
"두부스테이크","퓨전","다진쇠고기,두부,소금,파슬리,후춧가루"
"두부알찜","한식","간장,계란,다시물,두부,모시조개,새우,소금,은행,조미술,표고버섯"
"두부양념조림","한식","간장,두부,물엿,설탕,실고추,참기름,통깨,홍고추,후춧가루"
"두부조개탕","한식","계란,두부,마늘,모시조개,밀가루,북어,소금,실파,콩나물,홍고추,후춧가루"
"두부조림","한식","굴소스,다진마늘,두부,물,소금,참기름,청고추,홍고추"
"두부채소냉채","한식","간장,겨자,당근,두부,땅콩가루,소금,소금,쇠고기,식초,양배추,오이,참기름,황설탕"
"두부카나페","퓨전","두부,마요네즈,방울토마토,소금,식용유,치즈,치커리,토마토케첩"
"두부파프리카전","한식","간장,두부,소금,식초,칵테일새우,파프리카,포도씨유,후춧가루"
"떡갈비구이","한식","간장,깨소금,다진마늘,다진파,밀가루,설탕,쇠고기,양파,참기름,후춧가루"
"떡갈비샌드위치","퓨전","겨자,버터,소금,쇠고기,슬라이스치즈,식빵,양상추,토마토,피클,후춧가루"
"떡국","한식","가래떡,간장,계란,깨소금,다진마늘,다진파,대파,설탕,소금,쇠고기,쇠고기 육수,참기름,후춧가루"
"떡꼬치","한식","가래떡,간장,고추장,고춧가루,깨소금,마늘,물,브로콜리,설탕,쇠고기,참기름,후춧가루"
"떡만두국","한식","계란,구운김,국간장,다진돼지고기,다진마늘,대파,두부,떡국떡,만두피,만두피,배추김치,숙주,참기름,청정원맛선생,파"
"떡볶이","한식","가래떡,간장,고추장,대파,물,물엿,비엔나소시지,설탕,양파,피망"
"떡잡채","한식","가래떡,깨소금,당근,소금,쇠고기,신김치,양파,참기름,통깨,피망"
"라볶이","한식","고추장,고춧가루,대파,떡,라면,마늘,설탕,어묵"
"마늘볶음국수","퓨전","간마늘,간생강,간장,굴소스,맛술,버터,숙주,양파,우동면,청고추,홍고추"
"마늘장아찌","한식","간장,마늘,물,소금,식초"
"마른오징어조림","한식","깨소금,다진마늘,다진파,마른오징어,물,설탕,진간장,참기름,청고추,후춧가루"
"만두샐러드","퓨전","꿀,냉동만두,마요네즈,머스터드,식초,양상추,양파,오이,올리브,토마토"
"만둣국","한식","간장,김치,깨소금,다진마늘,다진파,두부,만두피,설탕,소금,쇠고기,숙주,육수,참기름,표고버섯,후춧가루"
"맑은대구탕","한식","가쓰오브시,다시마,두부,마늘,미나리,생대구,소금,청고추,팽이버섯,홍고추"
"맑은떡국","한식","간장,계란,다시마,다진마늘,대파,떡국떡,말린표고버섯,물,소금"
"매운가지볶음","한식","가지,간장,고춧가루,다진마늘,대파,들기름,소금,양파,청고추,홍고추,후추"
"메기매운탕","한식","고추장,고춧가루,대파,마늘,메기,무,물,생강,소금,식용유,쑥갓,후춧가루"
"멸치볶음","한식","간장,깨소금,당근,설탕,식용유,잔멸치,청고추,청주"
"명란젓찌개","한식","대파,두부,마늘,명란,무,물,생강즙,소금,진간장,홍고추"
"모듬쌈밥","한식","건새우가루,겨자잎,고추장,다진마늘,된장,밥,설탕,소금,참기름,참기름,청경채,청고추,치커리,케일,홍고추,흑임자"
"모듬전","한식","간장,감자,계란,깻잎,다진마늘,다진파,두부,물,밀가루,부추,설탕,소금,쇠고기,식용유,양파,참기름,표고버섯"
"무나물","한식","깨소금,무,소금,식용유,참기름"
"무말랭이무침","한식","간장,고추장,고춧가루,깨소금,다진마늘,다진파,멸치액젓,무말랭이,설탕"
"무맑은국","한식","국간장,마늘,무,물,소금,쇠고기,실파,참기름,후춧가루"
"무생채","한식","고춧가루,깨소금,다진마늘,다진파,무,설탕,소금,식초,참기름"
"무쌈말이","한식","게맛살,계란,깨소금,꿀,네모난햄,땅콩버터,레몬즙,무순,비트,설탕,식초,오이,절임무,파프리카"
"무초김치","한식","당근,무,미나리,배,생강,설탕,소금,식초"
"묵과양념장","한식","간장,게맛살,깨소금,도토리묵,설탕,식초,오이,참기름,청포묵,홍고추"
"미역국","한식","국간장,다진쇠고기,마늘,물,미역,식용유,참기름,후춧가루"
"미역냉국","한식","간장,고춧가루,깨소금,다진마늘,대파,물,불린미역,소금,오이"
"미역수제비","한식","국간장,깨소금,다진마늘,다진파,닭고기,대파,마늘,미역,밀가루,생강,설탕,소금,후춧가루"
"바지락볶음","한식","다진마늘,대파,두반장,마른고추,바지락,설탕,식용유,청고추"
"바지락칼국수","한식","다진마늘,맛술,바지락,소금,애호박,양파,청장,칼국수,후춧가루"
"배추겉절이","한식","고춧가루,다진마늘,다진생강,다진파,배추,새우젓,설탕,소금,진간장,참기름,통깨"
"배추만두","한식","간장,다진마늘,다진생강,다짐육(돼지고기),다짐육(소고기),달걀,당근,당면,두부,들기름,미나리,배추잎,버섯,소금,통깨,후추"
"배추밤김치","한식","[절임용 소금물] 소금,갓,고추가루,마늘,물,미나리,밤,배,배추,생강,설탕,소금,실파,액체육젓,통깨"
"배추속댓국","한식","고추장,깨소금,다진마늘,다진파,대파,된장,무,물,배추,소금,쇠고기,식용유,참기름,후춧가루"
"백김치","한식","[국물용 소금물] 소금,[절임용소금물] 소금,다진마늘,대추,대파,말린표고버섯,무,물,물,미나리,밤,배,배추,석이버섯,실고추,잣,통생강"
"버섯덮밥","한식","간장,간장,녹말,느타리버섯,다진마늘,당근,들깨,목이버섯,미나리,밥,설탕,쇠고기,양송이버섯,양파,육수,참기름,청주,팽이버섯,표고버섯,후춧가루"
"버섯두부찌개","한식","간장,고춧가루,김치,깨소금,느타리버섯,다진마늘,다진양파,다진파,대파,돼지고기,두부,물,양파,참기름,청고추,팽이버섯,표고버섯,후춧가루"
"버섯만두전골","한식","고춧가루,김치,느타리버섯,다진마늘,다진파,대파,돼기고기,두부,만두피,미나리,생강,숙주,양파,육수,진간장,표고버섯,후춧가루"
"버섯매운탕","한식","감자,고춧가루,국간장,느타리버섯,마늘,소금,송이버섯,쇠고기,쑥갓,양파,칼국수,표고버섯,호박,후춧가루"
"버섯잡채","한식","간장,느타리버섯,다진마늘,설탕,소금,식용유,참기름,청피망,팽이버섯,표고버섯,홍피망,후춧가루"
"버섯청국장찌개","한식","느타리버섯,다진마늘,대파,두부,쌀뜨물,양송이버섯,청고추,청국장,팽이버섯,표고버섯,호박,홍고추"
"베이컨꼬치구이","퓨전","간장,게맛살,레몬즙,마요네즈,머스터드,베이컨,샐러리,팽이버섯,프랑크소시지,피망,흰떡"
"별미밥","한식","간장,고춧가루,깨소금,다진마늘,다진파,당근,미나리,밥,쇠고기,유부,참기름,콩나물,후춧가루"
"보쌈김치","한식","갓,고춧가루,굴,낙지다리,대추,마늘,무,미나리,밤,배,새우젓,생강,소금,실파,잣,절인 배추,갓,고춧가루,낙지,마늘,무,미나리,밤,배,배추,생강,생굴,석이버섯,설탕,소금,실파,액체육젓,은행,통깨"
"볶음쌀국수","퓨전","간장,굴소스,대파,돼지고기,마늘,생강,설탕,소금,숙주나물,쌀국수,청고추,후춧가루"
"봄동겉절이","한식","고춧가루,까나리액젓,깨소금,다진마늘,다진생강,다진파,봄동,새우젓,영양부추,참기름"
"봄동바지락볶음","한식","굴소스,다진마늘,물,바지락,봄동,소금,식용유,실파,청주,홍고추,후춧가루"
"부대찌개","한식","고추장,고춧가루,김치,깻잎,다진마늘,다진파,두부,물,베이컨,설탕,스파게티,쑥갓,양송이버섯,청고추,프랑크소시지,햄,홍고추"
"부추김치","한식","고춧가루,다진마늘,멸치젓,부추,생강,설탕,소금,홍고추"
"부추부침개","한식","계란,물,밀가루,부추,식용유,오징어,찹쌀가루,청고추"
"부추올리브오일무침","퓨전","[양념장] 다진파,간장,고춧가루,다진마늘,부추,설탕,식초,올리브오일,통깨"
"부추잡채","한식","깨소금,다진마늘,다진생강,돼지고기,부추,소금,식용유,양파,참기름,청고추,청정원굴소스,홍고추"
"부추전","한식","계란,밀가루,부추,소금,청고추,홍고추"
"북어국","한식","계란,다진마늘,대파,두부,물,소금,참기름,콩나물,통북어,홍고추,후춧가루"
"북어해장국밥","한식","국간장,다진마늘,다진파,멸치다시물,북어,소금,콩나물,홍고추,후춧가루"
"불고기","한식","깨소금,다진마늘,다진파,배즙,설탕,쇠고기,진간장,참기름,후춧가루"
"불고기꽃만두","퓨전","간장,계란,깨소금,마늘,밀가루,설탕,쇠고기,양파,참기름,치자,케첩,튀김기름,피망,후춧가루"
"불고기낙지전골","한식","간장,깨소금,낙지,다진마늘,다진파,대파,무,물,미나리,설탕,소금,쇠고기,양파,참기름,팽이버섯,표고버섯,홍고추"
"불고기찹쌀구이","한식","간장,겨자,기름,설탕,쇠고기,식초,참기름,찹쌀가루,후춧가루"
"붉은갓동치미","한식","고운소금,굵은소금,마늘,무,물,배,붉은갓,삭힌고추,생강,양파"
"비빔냉면","한식","[배합초] 소금,[비빔양념] 간장,계란,고추장,깨소금,냉면,다진마늘,다진파,무,물,물엿,방울토마토,샐러드채소,설탕,설탕,식초,식초,육수"
"비빔쌀국수","한식","간장,다진고추,다진마늘,다진파,레몬,상추,새우,설탕,소금,쇠고기,식초,실파,쌀국수,양파,육수,후추"
"빈대떡","한식","간장,깨소금,녹두,느타리버섯,다진마늘,다진파,대파,돼지고기,물,석이버섯,소금,숙주,실고추,참기름,포도씨유,후춧가루"
"사골우거지탕","한식","고춧가루,다진마늘,대파,된장,사골,쇠고기,우거지,홍고추"
"사골탕","한식","다진마늘,다진파,대파,마늘,무,물,사골,생강,소금,쇠고기,진간장,후춧가루"
"사색나물","한식","간장,고사리,깨소금,다진마늘,다진파,도라지,들깻가루,물,소금,시금치,식용유,참기름,콩나물"
"삼겹살깻잎전","한식","계란,깻잎,돼지고기,밀가루,생강즙,소금,식용유,후춧가루"
"삼겹살채소말이","한식","꼬치,돼지고기,무순,붉은 고추,생강즙,소금,식용유,찹쌀가루,후추"
"삼겹살치즈구이","퓨전","고추장,돼지고기,마늘,맛술,모짜렐라치즈,소금,양파,올리브오일,토마토케첩,표고버섯,피망,후춧가루"
"삼계탕","한식","닭고기,대추,대파,마늘,물,생강,소금,수삼,찹쌀,후춧가루"
"삼색나물월남쌈","퓨전","고기산적,고사리나물,깻잎,당근,도라지나물,라이스페이퍼,소스,시금치나물,양파,오이"
"삼색수제비","한식","감자,김,다시마,다진마늘,당근즙,대파,멸치,밀가루,소금,시금치즙,양파,진간장,청정원맛선생,호박"
"상추 치커리 오징어 초침무","한식","고추,고추장,당근,상추,설탕,식초,쑥갓,양파,오이,오징어,와사비,치커리,후추"
"상추겉절이비빔밥","한식","간장,고사리,고춧가루,다진마늘,다진파,당근,대파,도라지,밥,상추,설탕,소금,식초,오이,참기름"
"상추채소무침","한식","고춧가루,깨소금,들깻잎,상추,설탕,식초,쑥갓,조림간장,참기름,케일"
"새송이산적","한식","깨소금,다진마늘,다진파,새송이버섯,설탕,소금,쇠고기,잣가루,진간장,참기름,후춧가루"
"새송이쌈장구이","한식","간장,다진마늘,마늘,물,새송이버섯,설탕,양파,올리브오일,쪽파,참기름,청고추,청정원순창쌈장,청주,표고버섯,피망,홍고추"
"새우겨자채","한식","겨자,당근,무순,배,부추,새우,석이버섯,설탕,소금,식초,양상추,오이,팽이버섯"
"새우만두","퓨전","계란흰자,당근,만두피,생새우,생크림,소금,죽순,콘프레이크,통후추,호박"
"새우죽","한식","물,새우,소금,쌀,참기름"
"생굴채소무침","한식","굴,마늘,배,배추,생밤,실파,양념,오이,청고추,파슬리,홍고추"
"생선전","한식","계란,대구살,밀가루,소금,식용유,쑥갓,후춧가루"
"생태국","한식","마늘,무,미나리,생태,소금,쌀뜨물,콩나물,홍고추,후춧가루"
"생태매운탕","한식","고춧가루,다진마늘,대파,두부,멸치다시물,무,무즙,미나리,바지락,생태,소금,양파즙,진간장,청고추,팽이버섯,호박,홍고추,후춧가루"
"샤브샤브","한식","간장,곤약,국수,느타리버섯,다시마,당근,대파,무,물,배춧잎,소금,쇠고기,식초,쑥갓,양파,어묵,청주,청주,팽이버섯,표고버섯"
"서리태콩국수","한식","서리태콩,소금,소면,오이,참깨,토마토"
"선지국","한식","고추장,고춧가루,깨소금,다진마늘,다진마늘,다진파,된장,선지,우거지,진간장,참기름,콩나물"
"설렁탕","한식","도가니,마늘,물,밀국수,사골,소 잡뼈,소금,양지머리,파,후추"
"소꼬리찜","한식","대추,대파,마늘,밤,사골,소꼬리,청양고추"
"송어샐러드","한식","무순,송어,양상추,오이,토마토,파슬리,파인애플"
"송편","한식","계핏가루,깨,꿀,녹두,대추,멥쌀,물,설탕,소금,소금,솔잎,쑥,참기름,풋콩"
"쇠고기덮밥","한식","간장,깨소금,다진마늘,대파,맛술,밥,설탕,소금,쇠고기,양파,참기름,표고버섯,후춧가루"
"쇠고기무국","한식","국간장,다진마늘,다진파,대파,마늘,무,물,소금,쇠고기,실파,진간장,참기름,후춧가루"
"쇠고기산적","한식","깨소금,꼬치,꿀,느타리버섯,다진마늘,다진파,마늘,배즙,생강즙,설탕,쇠고기,실파,참기름,햇살담은간장,후춧가루"
"쇠고기양송이볶음","한식","간장,마늘,물엿,설탕,소금,쇠고기,식용유,양송이버섯,양파,토마토케첩,피망,후춧가루"
"쇠고기완자찜","한식","간장,깨소금,깨소금,다진마늘,다진쇠고기,다진파,당근,두부,무,물,밤,설탕,소금,참기름,참기름,후춧가루"
"쇠고기장조림","한식","계란,대파,마늘,물,생강,설탕,쇠고기,진간장,참기름,홍고추"
"쇠고기전골","한식","간장,국간장,깨소금,다진마늘,다진파,목이버섯,물,설탕,소금,쇠고기,실파,참기름,팽이버섯,홍고추,후춧가루"
"수삼치즈샐러드","퓨전","마요네즈,무,래디쉬,수삼,양상추,적채,치커리,크림치즈"
"수정과","한식","곶감,물,생강,잣,통계피,호두,황설탕"
"숙주미나리무침","한식","깨소금,다진마늘,다진파,미나리,숙주,실고추,참기름"
"순대볶음","한식","간장,고춧가루,깻잎,다진마늘,들깻가루,설탕,순대,식용유,양배추,양파,쫄면"
"순두부","한식","간수,물,소금,흰콩"
"순두부찌개","한식","계란,고춧가루,다진마늘,대파,돼기고기,물,바지락,배추김치,소금,순두부,식용유,양파,후춧가루"
"시금치계란말이","한식","게맛살,계란,소금,시금치,올리브오일"
"시금치나물","한식","대파,멸치액젓,물,소금,시금치,참기름,통깨,홍고추"
"시금치된장국","한식","다진마늘,된장,말린새우,물,소금,시금치"
"시금치된장죽","한식","가쓰오브시,다시마,쇠고기,시금치,쌀,일본된장,참기름"
"시금치들깨수제비","한식","국물용 다시마,국물용멸치,들깨가루,밀가루,소금,시금치,올리브유,육수용 대파,육수용 무,육수용 물,찹쌀가루"
"시금치배미음죽","한식","멥쌀,물(쇠고기육수),배,시금치,찹쌀"
"시금치표고된장무른밥","한식","감자,당근,멥쌀,시금치,아기된장소스,양파,찹쌀,표고버섯"
"시래기돼지갈비찜","한식","간장,고추장,고춧가루,다시마 우린 물,다진마늘,다진생강,다진양파,다진파,돼지갈비,배즙,사과즙,소금,시래기,청주,후추"
"쌈장","한식","고추장,고춧가루,된장,마늘,양파,참기름,파"
"쑥버섯볶음","한식","간장,느타리버섯,다진마늘,설탕,소금,식용유,쑥,양송이,표고버섯,후춧가루"
"아구탕","한식","고사리,고춧가루,깻잎,다진마늘,대파,된장,물,미나리,싸리버섯,아구,청고추,콩나물,홍고추,후춧가루"
"아귀찜","한식","고추장,고춧가루,깻잎,대파,미나리,미더덕,설탕,소금,아귀,진간장,참기름,찹쌀가루,콩나물,통후추"
"아욱국","한식","대파,된장,마늘,멸치,모시조개,쌀뜨물,아욱,후춧가루"
"알탕","한식","[쇠고기양념] 간장,간장,고춧가루,깨소금,다진마늘,다진마늘,다진파,다진파,대파,명란,무,물,설탕,소금,쇠고기,쑥갓,청주,콩나물,홍고추,후춧가루"
"애호박 구이","한식","간장,다진마늘,대파,맛술,부침유,식초,애호박,어린잎채소,올리브유,참기름,청양고추,통깨"
"애호박무침","한식","간장,고춧가루,깨소금,다진마늘,새우젓국,식용유,애호박,참기름,참기름,청피망,파,홍피망"
"약과","한식","검은깨,물,밀가루,생강즙,설탕,소금,조청,참기름,청주"
"약식","한식","간장,계핏가루,깐밤,대추,물,물엿,식물성기름,잣,찹쌀,흑설탕,흰설탕"
"양배추말이찜","한식","간장,깨소금,녹말,다진마늘,다진파,무명실,물,밤,소금,쇠고기,양배추잎,양파,육수,참기름,청주,파슬리가루,후춧가루"
"양배춧국","한식","다시마,다진마늘,된장,멸치,모시조개,물,실파,양배추"
"양상추튀김","퓨전","간장,계란,고구마,고추장,다진마늘,말린표고버섯,물,물엿,밀가루,부추,설탕,식용유,양상추,얼음물,참기름,찹쌀가루,토마토케첩,후춧가루"
"양송이버섯죽","한식","깨소금,깻잎,당근,물,소금,실파,양송이버섯,양파,참기름,찹쌀,호박"
"양파쌈파이","퓨전","계핏가루,만두피,물,설탕,식용유,양파"
"양파전","한식","계란,깨소금,다진마늘,다진쇠고기,다진파,두부,밀가루,소금,양파,참기름,홍고추,후춧가루"
"어묵국","한식","간장,다시물,대파,맛술,소금,어묵,청주,홍고추"
"어묵꼬치","한식","간장,겨자가루,계란,다시마,멸치,무,물,소금,어묵,청주"
"어묵닭고기조림","한식","간장,녹말,닭고기,물,소금,어묵,오이,청주,표고버섯,후춧가루"
"어묵볶음","한식","간장,고춧가루,김치,깨소금,마늘,설탕,식용유,양파,어묵,참기름,피망"
"얼갈이열무물김치","한식","굵은소금,꽃소금,마늘,물,물,미나리,밀가루,생강,설탕,양파,얼갈이배추,열무,정종,쪽파,청고추,홍고추"
"연근조림","한식","물,설탕,식용유,연근,진간장,청주,통깨"
"열무김치","한식","마늘,물,밀가루,생강,소금,실파,열무,청고추,풋배추,홍고추"
"열무김치냉면","한식","겨자,고춧가루,냉면,다진마늘,다진생강,대파,물,설탕,식초,열무,찹쌀가루,청고추,홍고추"
"열무비빔밥","한식","간장,고추장,다진마늘,다진파,마늘,밥,설탕,설탕,쇠고기,열무김치,열무김치,참기름,참기름"
"영양돌솥밥","한식","대추,멥쌀,물,밤,송이버섯,은행,잣,찹쌀"
"영양채소밥","한식","간장,고구마,깨소금,다시물,다시물,다진마늘,다진파,대추,밤,쌀,은행,참기름"
"오곡밥","한식","멥쌀,소금,수수,차조,찹쌀,콩,팥"
"오곡밥쌈밥정식","한식","고추장,깨소금,깻잎,대파,된장,마늘,멸치,상추,양파,오곡곡물,참기름,청고추,치커리,홍고추"
"오곡주먹밥","한식","간장,김,깨소금,미나리,쇠고기,수수,쌀,조,참기름,찹쌀,콩,팥,후춧가루"
"오색주먹밥도시락","한식","간장,고춧가루,김치,깨소금,다시마,다진쇠고기,단무지,멸치,물엿,설탕,소금,식초,쌀,참기름,청주,표고버섯,후춧가루"
"오이나물","한식","깨소금,다진마늘,다진파,소금,실고추,오이,참기름"
"오이냉국","한식","간장,고춧가루,깨소금,다진마늘,대파,물,물,설탕,소금,식초,오이,파,홍고추"
"오이동치미","한식","깐밤,노란 파프리카,무,물,밥,붉은 파프리카,생강,소금,소금,양파,오이,파뿌리"
"오이보트카나페","퓨전","견과류,꿀,단무지,마요네즈,머드터드,백오이,삶은계란,소금,식초,아몬드,양파,참치캔,허브솔트,황설탕"
"오이소박이","한식","[절임용 소금물] 소금,고춧가루,다진마늘,다진생강,다진파,물,부추,설탕,소금,오이,진간장,청주"
"오이지장아찌무침","한식","고추장,고춧가루,깨소금,다진마늘,설탕,실파,오이,참기름,홍고추"
"오징어덮밥","한식","고추장,깨소금,두반장,물,밥,설탕,소금,식용유,실파,양파,오징어,피망,후춧가루"
"오징어도라지생채","한식","간장,고추장,고춧가루,깨소금,도라지,물엿,소금,식초,오이,오징어,참기름"
"오징어볶음과소면","한식","간장,고추장,고춧가루,깨소금,다진마늘,다진파,당근,설탕,양배추,양파,오징어,참기름,홍고추,후춧가루"
"오징어불고기","한식","간장,고추장,고춧가루,깨소금,다진마늘,다진파,물엿,생강즙,설탕,오징어,참기름"
"오징어산적","한식","갑오징어,고추장,깨소금,꼬치,다진마늘,다진파,생강즙,설탕,참기름,피망"
"오징어삼겹살볶음","한식","고추장,다진마늘,다진생강,돼지고기,물엿,미림,설탕,실파,양파,오징어,옥수수통조림,참기름,청고추,홍고추"
"오징어섞어찌개","한식","간장,고춧가루,김치,다진마늘,다진파,대파,두부,맛술,모시조개,생강,소금,쑥갓,양파,오징어,청고추,호박,홍고추,후춧가루"
"오징어숙회","한식","고추장,깨소금,설탕,식초,오징어"
"오징어순대","한식","간장,깨소금,깻잎,다진마늘,다진파,다진파슬리,당근,당면,두부,샐러리,설탕,쇠고기,식초,양상추,오징어,참기름,통깨,표고버섯,피망,후춧가루"
"오징어젓갈","한식","고춧가루,다진마늘,다진생강,다진파,소금,오징어"
"오징어찌개","한식","간장,고추장,고춧가루,대파,마늘,물,쇠고기,오징어,참기름,풋고추,홍고추,후춧가루"
"오징어채볶음","한식","고추장,물엿,설탕,술,식용유,오징어채,참기름"
"오징어통구이","한식","간장,고추장,고춧가루,깨소금,다진마늘,다진파,대파,마늘,물엿,생강즙,양파즙,오징어,참기름,후춧가루"
"오징어풋마늘산적","한식","간장,갑오징어,깨소금,꼬치,다진마늘,다진파,물,밀가루,생강즙,참기름,풋마늘"
"옥수수볶음밥","퓨전","당근,밥,소금,양파,옥수수통조림,피망,햄,후춧가루"
"우거지된장찌개","한식","간장,대파,된장,마늘,배춧잎,생강,쇠고기,식용유,쌀뜨물,우거지,청고추,홍고추"
"우무콩냉국","한식","깨,생수,소금,오이,우무,잣,콩"
"우묵냉채","한식","간장,고춧가루,깨소금,다시마,다진마늘,다진파,멸치,설탕,오이,우묵,참기름"
"우엉조림","한식","간장,깨소금,물,물엿,소금,우엉"
"우유두부","퓨전","간장,다진양파,다진청고추,다진홍고추,식초,우유,참기름"
"유부계란찜","한식","간장,계란,맛살,물,설탕,소금,실파,유부,후춧가루"
"유부미역된장국","한식","다시마,된장,두부,멸치,물,미림,불린미역,실파,유부"
"육개장","한식","고사리,고추장,고춧가루,곱창,깨소금,다진마늘,대파,물,소금,쇠고기,양,진간장,참기름,후춧가루"
"육회","한식","간장,계란노른자,깨소금,배,상추,설탕,쇠고기,오이,잣,잣가루,참기름,후춧가루"
"인절미","한식","소금,찹쌀,콩"
"잉어찜","한식","[양념장] 고춧가루,계란,고추장,다진마늘,된장,물엿,미나리,생강,잉어,참기름,콩나물,홍고추,후춧가루"
"잔멸치된장볶음","한식","간장,깨소금,다진마늘,된장,맛술,밥,상추,설탕,식용유,잔멸치"
"잔치국수","한식","[멸치장국] 국멸치,[불고기양념] 간장,간장,계란,고춧가루,국간장,깨소금,다진파,당근,설탕,소금,소면,참기름,참기름,채썬쇠고기,호박,후춧가루"
"잡채","한식","[쇠고기양념] 다진파,간장,간장,꿀,느타리버섯,다진마늘,당근,당면,배,설탕,소금,쇠고기,식용유,양파,오이,참기름,참기름,통깨,후춧가루"
"잣죽","한식","대추,물,불린쌀,소금,잣"
"재첩국","한식","물,부추,소금,재첩"
"쟁반라면","한식","간장,겨자,계란,고추장,깨소금,깻잎,꽃상추,라면,마늘,설탕,쇠고기,식초,양파,치커리,후춧가루"
"전복죽","한식","김,깨소금,물,소금,실파,쌀,전복,참기름"
"전어회무침","한식","고추장,고춧가루,다진마늘,무,미나리,설탕,식초,양파,전어,전어젓갈,청고추,콩가루,통깨"
"절편","한식","멥쌀,소금,쑥,참기름"
"제육겨자쌈","한식","깻잎,당근,대파,돼지고기,설탕,소금,식초,양겨자,양파,통후추"
"제육보쌈","한식","갓,고춧가루,고춧가루,굴,깨소금,다진마늘,다진파,돼기고기,된장,무,무명실,미나리,배추,새우젓,생강,실파,젓국,참기름"
"제육불고기","한식","간장,고추장,고추장,고춧가루,깨소금,다진마늘,다진마늘,다진파,다진파,돼지고기,된장,맛술,생강즙,설탕,식초,참기름,후춧가루"
"조개맑은국","한식","대파,레몬,모시조개,소금,죽순"
"조기매운탕","한식","간장,고추가루,대파,마늘,무,물,생강,소금,양파,조기"
"조기찜","한식","감자,고추장,고춧가루,대파,마늘,무,물,생강즙,소금,양파,조기,참기름,청고추,홍고추,후춧가루"
"주먹밥","한식","간장,깨소금,다진마늘,다진파,당근,밥,상추,설탕,소금,쇠고기,식용유,참기름,청피망,토마토,파슬리,후춧가루"
"죽순볶음","한식","간장,녹말,다진마늘,마늘종,생강즙,소금,쇠고기,술,식용유,죽순,참기름,후춧가루"
"죽순회와미나리강회","한식","[초고추장] 고추장,계란,미나리,설탕,식초,쌀뜨물,죽순,홍고추"
"쪽파 새우강회","퓨전","고추장,설탕,소금,식초,중새우,쪽파,통깨"
"쫄면","한식","간장,고추장,깻잎,다진마늘,물엿,새싹채소,설탕,식초,오이,쫄면,참기름,파프리카"
"찬밥맛탕","한식","계란,녹말가루,물,설탕,소금,식용유,옥수수,찬밥"
"찬밥전","한식","계란,당근,밀가루,소금,식용유,실파,양파,찬밥,참치,청고추,후춧가루"
"찬밥지짐이","한식","계란,날콩가루,당근,두부,소금,식용유,실파,양파,찬밥,후춧가루"
"찰밥","한식","대추,밤,소금,찹쌀,팥"
"찰밥주먹밥","한식","대추,멥쌀,밤,소금,찹쌀,팥,팥삶은물"
"참나물고추장무침","한식","고추장,깨소금,다진마늘,다진파,참기름,참나물"
"참치김치찌개","한식","고춧가루,김치,대파,두부,소금,양파,참기름,참치,청고추,팽이버섯,홍고추"
"참치주먹밥","한식","게맛살,계란노른자,김,깨소금,단무지,당근,랩,맛소금,매실장아찌,밥,실파,오이,참치,파슬리,후춧가루"
"참치죽","한식","감자,국간장,깨소금,다시마,당근,물,불린쌀,실파,애호박,참기름,참치통조림,표고버섯"
"채소국수","한식","계란,국수,깻잎,부추,상추,쇠고기,양념장,오이,표고버섯"
"채소비빔소면","한식","고추장,김치,깻잎,사이다,상추,설탕,소면,식초,양배추,오이,청고추"
"채소영양밥","한식","느타리버섯,대추,물,밤,소금,스위트콘,쌀,은행"
"채소치즈죽","퓨전","밥,소금,양파,청피망,치즈,파슬리가루,햄,홍피망,후춧가루"
"청국장찌개","한식","김칫국물,다진마늘,대파,두부,무,물,배추김치,소금,쇠고기,청국장"
"초교탕","한식","계란,닭,대파,도라지,마늘,말린표고버섯,물,미나리,밀가루,생강,소금,쇠고기,참기름"
"총각김치","한식","[절임용 소금물] 물,고추가루,다진마늘,다진생강,대파,멸치젓,물,새우젓,설탕,소금,찹쌀가루,총각무"
"충무김밥","한식","고춧가루,김,까나리액젓,깨소금,다진마늘,다진파,무,밥,설탕,식초,오징어,참기름"
"치즈멸치볼","퓨전","간장,깨소금,밥,설탕,식용유,잔멸치,치즈"
"카레토마토달걀볶음밥","퓨전","달걀,물,밥,방울토마토,셀러리,양파,카레가루,햄,후추"
"코다리조림","한식","간장,깨소금,다진마늘,다진파,물,설탕,양파,참기름,청고추,코다리,후춧가루"
"코다리찜","한식","간장,고추장,다진마늘,다진생강,다진파,설탕,실파,참기름,코다리,후춧가루"
"콩국계란찜","퓨전","계란,메주콩,새우젓,소금,실파,은행,잣,장식용어묵,칵테일새우,통깨"
"콩나물국밥","한식","계란,김,김치,깨소금,다진마늘,밥,새우젓,쇠고기육수,실파,장조림,청고추,콩나물"
"콩나물무밥","한식","깨소금,다진마늘,다진파,다진풋고추,돼지고기,무,물,쌀,진간장,참기름,취나물,콩나물"
"콩나물무침","한식","깨소금,다진마늘,다진파,소금,실고추,참기름,콩나물,후춧가루"
"콩나물미나리무침","한식","고춧가루,깨소금,다진마늘,다진파,미나리,소금,참기름,콩나물"
"콩나물밥","한식","고춧가루,깨소금,마늘,소금,쇠고기,쌀,진간장,참기름,콩나물,통후추,파"
"콩나물버섯덮밥","한식","간장,깨소금,녹말,느타리버섯,다진마늘,당근,멸칫국물,밥,소금,쇠고기,실파,양파,참기름,콩나물,피쉬소스,후춧가루"
"콩나물비빔밥","한식","다진쇠고기,당근,밥,보리,소금,오이,콩나물"
"콩나물잡채","한식","계란,깨소금,다진마늘,다진파,당근,미나리,설탕,소금,쇠고기,식용유,양파,진간장,참기름,콩나물,표고버섯,후춧가루"
"콩비지동그랑땡","한식","계란,다진마늘,다짐육,대파,밀가루,배추,부침가루,소금,전분,참기름,콩비지,호박,후추"
"콩비지찌개","한식","간장,고춧가루,깨소금,다진마늘,다진파,돼지고기,물,배춧잎,소금,식용유,참기름,흰콩"
"콩자반","한식","간장,깨소금,물,설탕,참기름,콩"
"토란곰탕","한식","국간장,다시마,다진마늘,대파,무,소금,쇠고기,참기름,토란,후춧가루"
"토란닭고기찜","한식","간장,닭고기,당근,맛술,생강즙,설탕,식용유,우엉,청주,토란탕,표고버섯"
"토마토미니새송이볶음","한식","다진마늘,다진쪽파,미니새송이버섯,바질,방울토마토,소금,올리브유"
"통마늘장아찌","한식","[절임간장] 진간장,멸치,설탕,설탕,식초,식초,통마늘"
"통배추김치","한식","갓,고춧가루,깨소금,대파,마늘,멸치젓,무,물,미나리,배,배추,생강,설탕,소금,소금,실파"
"파김치","한식","고춧가루,까나리액젓,깨소금,다진마늘,다진생강,설탕,소금,실파"
"파래무침","한식","간장,깨소금,당근,설탕,식초,참기름,파래"
"파프리카볶음밥","퓨전","감자,당근,소금,양파,올리브오일,찬밥,파프리카,피망,호박,후춧가루"
"팥국수","한식","날콩가루,물,밀가루,소금,팥"
"팥시루떡","한식","멥쌀,물,밀가루,소금,찹쌀,팥"
"팥칼국수","한식","물,설탕,소금,칼국수면,팥"
"팥타르트","퓨전","계란,물,밀가루,버터,삶은팥,설탕,소금,슈가파우더,아몬드가루"
"한국식타코샐러드","퓨전","간장,깻잎,무순,설탕,쇠고기,식용유,양파,조미술,춘권피,케첩,토마토,토마토,핫소스,후춧가루"
"한우토마토스튜","한식","감자,다진 마늘,당근,물,바질,소금,쇠고기(안심 또는 등심),양송이버섯,양파,월계수 잎,칠리,토마토,토마토페이스트,홍피망, 청피망 각각,후추, 식용유"
"해물국수","한식","계란흰자,국수,녹말,다진마늘,돼지고기,멸칫국물,새우,소금,오징어,죽순,청주,파,표고버섯,홍합"
"해물국시","한식","간장,감자,다시마,대파,바지락,새우,소금,참기름,청고추,칼국수,호박"
"해물떡꼬치","퓨전","가래떡,간장,고추장,고춧가루,다진마늘,다진파,새우,설탕,식초,오징어,참기름,케첩,피망,핫소스,후춧가루"
"해물매운탕","한식","고춧가루,국간장,꽃게,다시마,다진마늘,다진생강,대하,맛술,무,미나리,미더덕,바지락,소금,쑥갓,양파,오징어,참기름,청고추,홍고추,후춧가루"
"해물밥전","한식","간장,계란,깨소금,다진마늘,다진파,당근,밀가루,밥,새우,소금,식초,실파,양파,오징어,참기름,후춧가루"
"해물볶음밥","한식","굴소스,날치알,바지락,밥,새우,소금,오징어,참기름,청주,파프리카,팽이버섯,후춧가루"
"해물순두부찌개","한식","계란,고춧가루,깨소금,다시마,두부,멸치,미더덕,바지락,양파,잔새우,참기름,청정원어장"
"해물잡채","한식","간장,굴소스,낙지,당근,당면,새우,설탕,소금,식용유,양파,오징어,조개살,참기름,청피망,홍피망"
"해물전골","한식","게,고춧가루,다진마늘,대파,대하,모시조개,무,미나리,생강즙,소금,쑥갓,양파,오징어,풋고추,홍고추"
"해물찌개","한식","간장,고추장,고춧가루,다시마,다진마늘,다진생강,대파,모시조개,무,미나리,새우,소금,양파,오징어,쭈꾸미,청고추,홍고추,홍합,후춧가루"
"해물파전","한식","계란,굴,멥쌀,밀가루,소금,식용유,실파,조갯살,홍합"
"해장라면","한식","게맛살,고춧가루,깨소금,다진마늘,당근,대파,라면,배추김치,참기름,청고추,콩나물,표고버섯,햄,홍고추"
"해파리냉채","한식","간장,게맛살,다진마늘,설탕,소금,식초,오이,육수,참기름,토마토,해파리"
"해파리해물냉채","한식","간장,겨자,계란,당근,마늘,머스터드,새우,설탕,소금,식초,오이,쭈꾸미,참기름,해파리,홍피망"
"호박두부찌개","한식","다진마늘,두부,물,새우젓,소금,식용유,참기름,청고추,파,호박"
"호박무침","한식","고춧가루,대파,된장,둥근호박,설탕,식초,양파,청고추,통깨,홍고추"
"호박양파국","한식","국멸치,대파,된장,두부,소금,양파,호박,홍고추"
"호박전","한식","계란,밀가루,소금,식용유,식초,쑥갓,애호박,진간장"
"호박죽","한식","물,설탕,소금,찹쌀,청동호박,팥"
"홍차계란장조림","한식","간장,계란,마늘,물,물엿,설탕,소금,양파,홍차티백"
"홍합꼬치구이","한식","간장,고추장,깨소금,다진마늘,대파,물엿,생강즙,소금,참기름,청주,파슬리,홍합"
"홍합미역국","한식","간장,물,미역,소금,참기름,홍합,후춧가루"
"홍합탕","한식","다진마늘,대파,물,소금,실파,홍고추,홍합"
"화양적","한식","깨소금,다진마늘,다진파,당근,도라지,설탕,쇠고기(힘줄없는부위),식용유/소금/참기름/잣가루,오이,진간장,참기름,표고버섯,후추"
"화전","한식","대추,물,설탕,소금,식용유,쑥갓,찹쌀가루"
"흑임자삼계죽","한식","닭,대추,대파,땅콩,볶은 흑임자(검은깨),소금,양파,인삼,잣,참쌀,통후추"
"흑임자죽","한식","물,설탕,소금,쌀,흑임자"
